<?xml version="1.0" encoding="utf-8" standalone="yes"?>
<rss version="2.0" xmlns:atom="http://www.w3.org/2005/Atom" xmlns:content="http://purl.org/rss/1.0/modules/content/">
  <channel>
    <title>Tags on dylan keath</title>
    <link>//localhost:1313/tags/</link>
    <description>Recent content in Tags on dylan keath</description>
    <generator>Hugo -- 0.147.9</generator>
    <language>en</language>
    <lastBuildDate>Tue, 06 Apr 2021 00:00:00 +0000</lastBuildDate>
    <atom:link href="//localhost:1313/tags/index.xml" rel="self" type="application/rss+xml" />
    <item>
      <title>Academia</title>
      <link>//localhost:1313/tags/academia/</link>
      <pubDate>Tue, 06 Apr 2021 00:00:00 +0000</pubDate>
      <guid>//localhost:1313/tags/academia/</guid>
      <description></description>
    </item>
    <item>
      <title>Experimental Psychology</title>
      <link>//localhost:1313/tags/experimental-psychology/</link>
      <pubDate>Tue, 06 Apr 2021 00:00:00 +0000</pubDate>
      <guid>//localhost:1313/tags/experimental-psychology/</guid>
      <description></description>
    </item>
    <item>
      <title>Inner Hedgehog</title>
      <link>//localhost:1313/tags/inner-hedgehog/</link>
      <pubDate>Tue, 06 Apr 2021 00:00:00 +0000</pubDate>
      <guid>//localhost:1313/tags/inner-hedgehog/</guid>
      <description></description>
    </item>
    <item>
      <title>Invasive Thoughts</title>
      <link>//localhost:1313/tags/invasive-thoughts/</link>
      <pubDate>Tue, 06 Apr 2021 00:00:00 +0000</pubDate>
      <guid>//localhost:1313/tags/invasive-thoughts/</guid>
      <description></description>
    </item>
    <item>
      <title>Social Psychology</title>
      <link>//localhost:1313/tags/social-psychology/</link>
      <pubDate>Tue, 06 Apr 2021 00:00:00 +0000</pubDate>
      <guid>//localhost:1313/tags/social-psychology/</guid>
      <description></description>
    </item>
    <item>
      <title>Dataset</title>
      <link>//localhost:1313/tags/dataset/</link>
      <pubDate>Thu, 07 Mar 2013 00:00:00 +0000</pubDate>
      <guid>//localhost:1313/tags/dataset/</guid>
      <description></description>
    </item>
    <item>
      <title>French</title>
      <link>//localhost:1313/tags/french/</link>
      <pubDate>Thu, 07 Mar 2013 00:00:00 +0000</pubDate>
      <guid>//localhost:1313/tags/french/</guid>
      <description></description>
    </item>
    <item>
      <title>Irregular Verbs</title>
      <link>//localhost:1313/tags/irregular-verbs/</link>
      <pubDate>Thu, 07 Mar 2013 00:00:00 +0000</pubDate>
      <guid>//localhost:1313/tags/irregular-verbs/</guid>
      <description></description>
    </item>
    <item>
      <title>Italian</title>
      <link>//localhost:1313/tags/italian/</link>
      <pubDate>Thu, 07 Mar 2013 00:00:00 +0000</pubDate>
      <guid>//localhost:1313/tags/italian/</guid>
      <description></description>
    </item>
    <item>
      <title>Philology</title>
      <link>//localhost:1313/tags/philology/</link>
      <pubDate>Thu, 07 Mar 2013 00:00:00 +0000</pubDate>
      <guid>//localhost:1313/tags/philology/</guid>
      <description></description>
    </item>
    <item>
      <title>Portuguese</title>
      <link>//localhost:1313/tags/portuguese/</link>
      <pubDate>Thu, 07 Mar 2013 00:00:00 +0000</pubDate>
      <guid>//localhost:1313/tags/portuguese/</guid>
      <description></description>
    </item>
    <item>
      <title>Python</title>
      <link>//localhost:1313/tags/python/</link>
      <pubDate>Thu, 07 Mar 2013 00:00:00 +0000</pubDate>
      <guid>//localhost:1313/tags/python/</guid>
      <description></description>
    </item>
    <item>
      <title>Romance Languages</title>
      <link>//localhost:1313/tags/romance-languages/</link>
      <pubDate>Thu, 07 Mar 2013 00:00:00 +0000</pubDate>
      <guid>//localhost:1313/tags/romance-languages/</guid>
      <description></description>
    </item>
    <item>
      <title>Simulations</title>
      <link>//localhost:1313/tags/simulations/</link>
      <pubDate>Thu, 07 Mar 2013 00:00:00 +0000</pubDate>
      <guid>//localhost:1313/tags/simulations/</guid>
      <description></description>
    </item>
    <item>
      <title>Spanish</title>
      <link>//localhost:1313/tags/spanish/</link>
      <pubDate>Thu, 07 Mar 2013 00:00:00 +0000</pubDate>
      <guid>//localhost:1313/tags/spanish/</guid>
      <description></description>
    </item>
    <item>
      <title>History of Oil</title>
      <link>//localhost:1313/tags/history-of-oil/</link>
      <pubDate>Tue, 15 Jan 2013 00:00:00 +0000</pubDate>
      <guid>//localhost:1313/tags/history-of-oil/</guid>
      <description></description>
    </item>
    <item>
      <title>Mediterranean World</title>
      <link>//localhost:1313/tags/mediterranean-world/</link>
      <pubDate>Tue, 15 Jan 2013 00:00:00 +0000</pubDate>
      <guid>//localhost:1313/tags/mediterranean-world/</guid>
      <description></description>
    </item>
    <item>
      <title>Oleic Science</title>
      <link>//localhost:1313/tags/oleic-science/</link>
      <pubDate>Tue, 15 Jan 2013 00:00:00 +0000</pubDate>
      <guid>//localhost:1313/tags/oleic-science/</guid>
      <description></description>
    </item>
    <item>
      <title>Canine Pulmonary Efficiency</title>
      <link>//localhost:1313/tags/canine-pulmonary-efficiency/</link>
      <pubDate>Tue, 28 Dec 2004 00:00:00 +0000</pubDate>
      <guid>//localhost:1313/tags/canine-pulmonary-efficiency/</guid>
      <description></description>
    </item>
    <item>
      <title>Canine Science</title>
      <link>//localhost:1313/tags/canine-science/</link>
      <pubDate>Tue, 28 Dec 2004 00:00:00 +0000</pubDate>
      <guid>//localhost:1313/tags/canine-science/</guid>
      <description></description>
    </item>
    <item>
      <title>Experimental Zoology</title>
      <link>//localhost:1313/tags/experimental-zoology/</link>
      <pubDate>Tue, 28 Dec 2004 00:00:00 +0000</pubDate>
      <guid>//localhost:1313/tags/experimental-zoology/</guid>
      <description></description>
    </item>
    <item>
      <title>Sausage Dogs</title>
      <link>//localhost:1313/tags/sausage-dogs/</link>
      <pubDate>Tue, 28 Dec 2004 00:00:00 +0000</pubDate>
      <guid>//localhost:1313/tags/sausage-dogs/</guid>
      <description></description>
    </item>
    <item>
      <title>Zoology</title>
      <link>//localhost:1313/tags/zoology/</link>
      <pubDate>Tue, 28 Dec 2004 00:00:00 +0000</pubDate>
      <guid>//localhost:1313/tags/zoology/</guid>
      <description></description>
    </item>
    <item>
      <title>Portugese</title>
      <link>//localhost:1313/tags/portugese/</link>
      <pubDate>Wed, 01 Jan 1997 00:00:00 +0000</pubDate>
      <guid>//localhost:1313/tags/portugese/</guid>
      <description></description>
    </item>
    <item>
      <title>Celtic Languages</title>
      <link>//localhost:1313/tags/celtic-languages/</link>
      <pubDate>Sat, 16 Jun 1990 00:00:00 +0000</pubDate>
      <guid>//localhost:1313/tags/celtic-languages/</guid>
      <description></description>
    </item>
    <item>
      <title>Irish</title>
      <link>//localhost:1313/tags/irish/</link>
      <pubDate>Sat, 16 Jun 1990 00:00:00 +0000</pubDate>
      <guid>//localhost:1313/tags/irish/</guid>
      <description></description>
    </item>
    <item>
      <title>Language Modernization</title>
      <link>//localhost:1313/tags/language-modernization/</link>
      <pubDate>Sat, 16 Jun 1990 00:00:00 +0000</pubDate>
      <guid>//localhost:1313/tags/language-modernization/</guid>
      <description></description>
    </item>
    <item>
      <title>Profanity</title>
      <link>//localhost:1313/tags/profanity/</link>
      <pubDate>Sat, 16 Jun 1990 00:00:00 +0000</pubDate>
      <guid>//localhost:1313/tags/profanity/</guid>
      <description></description>
    </item>
  </channel>
</rss>
