<?xml version="1.0" encoding="utf-8" standalone="yes"?>
<rss version="2.0" xmlns:atom="http://www.w3.org/2005/Atom" xmlns:content="http://purl.org/rss/1.0/modules/content/">
  <channel>
    <title>Canine Science on dylan keath</title>
    <link>//localhost:1313/tags/canine-science/</link>
    <description>Recent content in Canine Science on dylan keath</description>
    <generator>Hugo -- 0.147.9</generator>
    <language>en</language>
    <lastBuildDate>Tue, 28 Dec 2004 00:00:00 +0000</lastBuildDate>
    <atom:link href="//localhost:1313/tags/canine-science/index.xml" rel="self" type="application/rss+xml" />
    <item>
      <title>The Finer Points of Sausage Dogs</title>
      <link>//localhost:1313/papers/paper2/</link>
      <pubDate>Tue, 28 Dec 2004 00:00:00 +0000</pubDate>
      <guid>//localhost:1313/papers/paper2/</guid>
      <description>This paper studies the pulmonary efficiency of sausage dogs. Published in the Journal of Canine Science, 2004.</description>
    </item>
  </channel>
</rss>
