<?xml version="1.0" encoding="utf-8" standalone="yes"?>
<rss version="2.0" xmlns:atom="http://www.w3.org/2005/Atom" xmlns:content="http://purl.org/rss/1.0/modules/content/">
  <channel>
    <title>Profanity on dylan keath</title>
    <link>//localhost:1313/tags/profanity/</link>
    <description>Recent content in Profanity on dylan keath</description>
    <generator>Hugo -- 0.147.9</generator>
    <language>en</language>
    <lastBuildDate>Sat, 16 Jun 1990 00:00:00 +0000</lastBuildDate>
    <atom:link href="//localhost:1313/tags/profanity/index.xml" rel="self" type="application/rss+xml" />
    <item>
      <title>Profanity in Early Irish</title>
      <link>//localhost:1313/courses/course2/</link>
      <pubDate>Sat, 16 Jun 1990 00:00:00 +0000</pubDate>
      <guid>//localhost:1313/courses/course2/</guid>
      <description>This undergraduate course discusses profanity in Early Irish.</description>
    </item>
  </channel>
</rss>
