<?xml version="1.0" encoding="utf-8" standalone="yes"?>
<rss version="2.0" xmlns:atom="http://www.w3.org/2005/Atom" xmlns:content="http://purl.org/rss/1.0/modules/content/">
  <channel>
    <title>History of Oil on dylan keath</title>
    <link>//localhost:1313/tags/history-of-oil/</link>
    <description>Recent content in History of Oil on dylan keath</description>
    <generator>Hugo -- 0.147.9</generator>
    <language>en</language>
    <lastBuildDate>Tue, 15 Jan 2013 00:00:00 +0000</lastBuildDate>
    <atom:link href="//localhost:1313/tags/history-of-oil/index.xml" rel="self" type="application/rss+xml" />
    <item>
      <title>Unusual Uses For Olive Oil</title>
      <link>//localhost:1313/papers/paper1/</link>
      <pubDate>Tue, 15 Jan 2013 00:00:00 +0000</pubDate>
      <guid>//localhost:1313/papers/paper1/</guid>
      <description>This paper reviews unusual uses for olive oil throughout the Mediterranean world. Published in the Journal of Oleic Science, 2013.</description>
    </item>
  </channel>
</rss>
