<?xml version="1.0" encoding="utf-8" standalone="yes"?>
<rss version="2.0" xmlns:atom="http://www.w3.org/2005/Atom" xmlns:content="http://purl.org/rss/1.0/modules/content/">
  <channel>
    <title>Romance Languages on dylan keath</title>
    <link>//localhost:1313/tags/romance-languages/</link>
    <description>Recent content in Romance Languages on dylan keath</description>
    <generator>Hugo -- 0.147.9</generator>
    <language>en</language>
    <lastBuildDate>Thu, 07 Mar 2013 00:00:00 +0000</lastBuildDate>
    <atom:link href="//localhost:1313/tags/romance-languages/index.xml" rel="self" type="application/rss+xml" />
    <item>
      <title>List of Irregular Verbs Across Romance Languages</title>
      <link>//localhost:1313/data/data1/</link>
      <pubDate>Thu, 07 Mar 2013 00:00:00 +0000</pubDate>
      <guid>//localhost:1313/data/data1/</guid>
      <description>This dataset contains all irregular verbs in known Romance languages.</description>
    </item>
    <item>
      <title>Lectures at the Villa of Reduced Circumstances</title>
      <link>//localhost:1313/courses/course1/</link>
      <pubDate>Mon, 10 Mar 2003 00:00:00 +0000</pubDate>
      <guid>//localhost:1313/courses/course1/</guid>
      <description>This graduate course presents classical results in Romance philology.</description>
    </item>
  </channel>
</rss>
