<?xml version="1.0" encoding="utf-8" standalone="yes"?>
<rss version="2.0" xmlns:atom="http://www.w3.org/2005/Atom" xmlns:content="http://purl.org/rss/1.0/modules/content/">
  <channel>
    <title>dylan keath</title>
    <link>//localhost:1313/</link>
    <description>Recent content on dylan keath</description>
    <generator>Hugo -- 0.147.9</generator>
    <language>en</language>
    <lastBuildDate>Wed, 08 May 2024 00:00:00 +0000</lastBuildDate>
    <atom:link href="//localhost:1313/index.xml" rel="self" type="application/rss+xml" />
    <item>
      <title>Location</title>
      <link>//localhost:1313/location/</link>
      <pubDate>Wed, 08 May 2024 00:00:00 +0000</pubDate>
      <guid>//localhost:1313/location/</guid>
      <description>Professor Dr von Igelfeld&amp;#39;s mailing and office addresses at the Institute of Romance Philology.</description>
    </item>
    <item>
      <title>Office Hours</title>
      <link>//localhost:1313/officehours/</link>
      <pubDate>Wed, 08 May 2024 00:00:00 +0000</pubDate>
      <guid>//localhost:1313/officehours/</guid>
      <description>Schedule and location for Professor Dr von Igelfeld&amp;#39;s office hours.</description>
    </item>
    <item>
      <title>Your Inner Hedgehog</title>
      <link>//localhost:1313/papers/paper3/</link>
      <pubDate>Tue, 06 Apr 2021 00:00:00 +0000</pubDate>
      <guid>//localhost:1313/papers/paper3/</guid>
      <description>This paper describes the inner hedgehog, a psychological condition widespread in academia. Published in the Journal of Socio-Experimental Psychology, 2021.</description>
    </item>
    <item>
      <title>List of Irregular Verbs Across Romance Languages</title>
      <link>//localhost:1313/data/data1/</link>
      <pubDate>Thu, 07 Mar 2013 00:00:00 +0000</pubDate>
      <guid>//localhost:1313/data/data1/</guid>
      <description>This dataset contains all irregular verbs in known Romance languages.</description>
    </item>
    <item>
      <title>Unusual Uses For Olive Oil</title>
      <link>//localhost:1313/papers/paper1/</link>
      <pubDate>Tue, 15 Jan 2013 00:00:00 +0000</pubDate>
      <guid>//localhost:1313/papers/paper1/</guid>
      <description>This paper reviews unusual uses for olive oil throughout the Mediterranean world. Published in the Journal of Oleic Science, 2013.</description>
    </item>
    <item>
      <title>The Finer Points of Sausage Dogs</title>
      <link>//localhost:1313/papers/paper2/</link>
      <pubDate>Tue, 28 Dec 2004 00:00:00 +0000</pubDate>
      <guid>//localhost:1313/papers/paper2/</guid>
      <description>This paper studies the pulmonary efficiency of sausage dogs. Published in the Journal of Canine Science, 2004.</description>
    </item>
    <item>
      <title>Lectures at the Villa of Reduced Circumstances</title>
      <link>//localhost:1313/courses/course1/</link>
      <pubDate>Mon, 10 Mar 2003 00:00:00 +0000</pubDate>
      <guid>//localhost:1313/courses/course1/</guid>
      <description>This graduate course presents classical results in Romance philology.</description>
    </item>
    <item>
      <title>Portugese Irregular Verbs</title>
      <link>//localhost:1313/books/book1/</link>
      <pubDate>Wed, 01 Jan 1997 00:00:00 +0000</pubDate>
      <guid>//localhost:1313/books/book1/</guid>
      <description>This book discusses Portugese irregular verbs in great details.</description>
    </item>
    <item>
      <title>Profanity in Early Irish</title>
      <link>//localhost:1313/courses/course2/</link>
      <pubDate>Sat, 16 Jun 1990 00:00:00 +0000</pubDate>
      <guid>//localhost:1313/courses/course2/</guid>
      <description>This undergraduate course discusses profanity in Early Irish.</description>
    </item>
  </channel>
</rss>
