<?xml version="1.0" encoding="utf-8" standalone="yes"?>
<rss version="2.0" xmlns:atom="http://www.w3.org/2005/Atom" xmlns:content="http://purl.org/rss/1.0/modules/content/">
  <channel>
    <title>Experimental Psychology on dylan keath</title>
    <link>//localhost:1313/tags/experimental-psychology/</link>
    <description>Recent content in Experimental Psychology on dylan keath</description>
    <generator>Hugo -- 0.147.9</generator>
    <language>en</language>
    <lastBuildDate>Tue, 06 Apr 2021 00:00:00 +0000</lastBuildDate>
    <atom:link href="//localhost:1313/tags/experimental-psychology/index.xml" rel="self" type="application/rss+xml" />
    <item>
      <title>Your Inner Hedgehog</title>
      <link>//localhost:1313/papers/paper3/</link>
      <pubDate>Tue, 06 Apr 2021 00:00:00 +0000</pubDate>
      <guid>//localhost:1313/papers/paper3/</guid>
      <description>This paper describes the inner hedgehog, a psychological condition widespread in academia. Published in the Journal of Socio-Experimental Psychology, 2021.</description>
    </item>
  </channel>
</rss>
