<?xml version="1.0" encoding="utf-8" standalone="yes"?>
<rss version="2.0" xmlns:atom="http://www.w3.org/2005/Atom" xmlns:content="http://purl.org/rss/1.0/modules/content/">
  <channel>
    <title>Books on dylan keath</title>
    <link>//localhost:1313/books/</link>
    <description>Recent content in Books on dylan keath</description>
    <generator>Hugo -- 0.147.9</generator>
    <language>en</language>
    <lastBuildDate>Wed, 01 Jan 1997 00:00:00 +0000</lastBuildDate>
    <atom:link href="//localhost:1313/books/index.xml" rel="self" type="application/rss+xml" />
    <item>
      <title>Portugese Irregular Verbs</title>
      <link>//localhost:1313/books/book1/</link>
      <pubDate>Wed, 01 Jan 1997 00:00:00 +0000</pubDate>
      <guid>//localhost:1313/books/book1/</guid>
      <description>This book discusses Portugese irregular verbs in great details.</description>
    </item>
  </channel>
</rss>
