<?xml version="1.0" encoding="utf-8" standalone="yes"?>
<rss version="2.0" xmlns:atom="http://www.w3.org/2005/Atom" xmlns:content="http://purl.org/rss/1.0/modules/content/">
  <channel>
    <title>Papers on dylan keath</title>
    <link>//localhost:1313/papers/</link>
    <description>Recent content in Papers on dylan keath</description>
    <generator>Hugo -- 0.147.9</generator>
    <language>en</language>
    <lastBuildDate>Tue, 06 Apr 2021 00:00:00 +0000</lastBuildDate>
    <atom:link href="//localhost:1313/papers/index.xml" rel="self" type="application/rss+xml" />
    <item>
      <title>Your Inner Hedgehog</title>
      <link>//localhost:1313/papers/paper3/</link>
      <pubDate>Tue, 06 Apr 2021 00:00:00 +0000</pubDate>
      <guid>//localhost:1313/papers/paper3/</guid>
      <description>This paper describes the inner hedgehog, a psychological condition widespread in academia. Published in the Journal of Socio-Experimental Psychology, 2021.</description>
    </item>
    <item>
      <title>Unusual Uses For Olive Oil</title>
      <link>//localhost:1313/papers/paper1/</link>
      <pubDate>Tue, 15 Jan 2013 00:00:00 +0000</pubDate>
      <guid>//localhost:1313/papers/paper1/</guid>
      <description>This paper reviews unusual uses for olive oil throughout the Mediterranean world. Published in the Journal of Oleic Science, 2013.</description>
    </item>
    <item>
      <title>The Finer Points of Sausage Dogs</title>
      <link>//localhost:1313/papers/paper2/</link>
      <pubDate>Tue, 28 Dec 2004 00:00:00 +0000</pubDate>
      <guid>//localhost:1313/papers/paper2/</guid>
      <description>This paper studies the pulmonary efficiency of sausage dogs. Published in the Journal of Canine Science, 2004.</description>
    </item>
  </channel>
</rss>
